referenceAdministrative;reference
00000001;ryX6zItDY
00000002;S15cn58Lq
00000003;Sy2cc9WqE
00000004;SyvFKYWTc
00000005;SJR55cWcE
00000006;Skxo55-5N
00000007;Sk-i5qWc4
00000008;BkRvdD4Gj
00000009;S1Xj5qb5N
00000010;ry8rd5sIq
00000011;HyX4MJGFj
00000012;SyPj9qZ5N
00000013;HyinY5oUq
00000014;BJFo99ZcN
00000015;SJeZIqjI9
00000016;rkTAxjhtK
00000017;Bkraitulo
00000018;BJQ50Kulj
00000019;rJ8lKqiIc
00000020;Sk7UFYugo
00000021;SygNvK_go
00000022;r1kMFUf8c
00000023;SJWVZu-L5
00000024;SJDWVDtIq
00000025;Hynkp5_dj
00000026;BJuh9qW94
00000027;HybIqsSjo
00000028;Byq2ccW9E
00000029;HJvjEeW0j
00000030;rJ1C4eWRs
00000031;ryLIBoBoj
00000032;ryCNh92FY
00000033;Bk16cqWc4
00000034;HJZT59b5E
00000035;r1jgtDVGi
00000036;BJ276YbAK
00000037;SJ4acqWcE
00000038;rJyOQEQ7c
00000039;BJG_37e4o
00000040;HkQin7xEj
00000041;H1YT95WqN
00000042;B1pcf755j
00000043;Sk-tdfJFs
00000044;rknTqq-9V
00000045;By0i6uRXs
00000046;ryRaq5bq4
00000047;B1xz9vbwK
00000048;Sk_26yYps
00000049;B16m2BiCs
00000050;BJuyQ1CRj
00000051;S1AMXLAAo
00000052;BJrC9cZ9E
00000053;Sy9i1G6as
00000054;BJomgfTpi
00000055;SJFR5qZqV
00000056;BJcRcqb5V
00000057;HJiR5qW5N
00000058;Hy30qqZ9N
00000059;Skp059-54
00000060;rkAu3Aalj
00000061;B1xozrdio
00000062;rJyKbmcqs
00000063;BJSuf7xVo
00000064;ry3Tn-pai
00000065;HkCcnsXaj
00000066;B1XtexIii
00000067;BJxCNqHEo
00000068;H1vk2BWTo
00000069;H19hiYhbq
00000070;rk91o5bqE
00000071;rkaJhrTMs
00000072;SJZFmBR8i
00000074;BkvoDu1Wi
00000075;BJxR7cRTt
00000076;r1k2AuCms
00000077;SJsPsj_-c
00000078;ry28cK2-5
00000079;H1YmSIHVc
00000080;SJ5NbScOt
00000081;rJSPj7lEo
00000082;SkzP8GyKo
00000083;HkKej9WcN
00000084;B103iQeEi
00000085;HkYwDkFps
00000086;ry6ls9-cN
00000087;BJRejcWcN
00000088;SJybs9-5V
00000089;SkxWo5W9V
00000090;rybZj5-94
00000091;ByzWjqZqN
00000092;HJNbscb5V
00000093;S1BWicZqN
00000094;SJ1MDHSni
00000095;rJdzomgEj
00000096;SyM-2XlVj
00000097;rJUkS27Pi
00000098;H19boq-c4
00000099;Byh-oqZ5E
00000100;SkaWocb9V
00000101;ByCbsqZcN
00000102;B1NCcQe4i
00000103;rkMuAu0Qo
00000104;ByCit5eXc
00000105;Hyzzj9W9N
00000106;ry1nYBimY
00000107;Hk6XIVOX9
00000108;ry8S-voNu
00000109;B1N7JYC7s
00000110;HJkV2eAwo
00000111;Bkg_yKCXj
00000112;H1NrJtCmo
00000113;HyKIJY0Qj
00000114;HytKCOAQj
00000115;r1_z7ecOi
00000116;r1ZNGPMAj
00000117;SyIeWuGAo
00000119;rJBOdY34F
00000120;H1MQDYSiq
00000121;Byg6gqoTo
00000122;ryUXsqbcN
00000123;r1pVoDQRo
00000124;SJFbNpxc9
00000125;Sy6GLj1uK
00000126;HJ4jYNEE5
00000127;r1hXjqZ9V
00000128;S1pmsc-5E
00000129;rySU6_tAY
00000137;HJJlsm7cN
00000139;B1HeurXcE
00000140;H1XMuSX9E
00000141;rJmmuHXcN
00000142;H17VurmqN
00000143;Sy39umHtt
00000145;BJUP0Xpsi
00000147;SyBp2fJ1h
00000148;HJIpSdvq_
00000149;Hk_R3XOjE
00000150;SklUT5OoV
00000151;H1F-zods4
00000152;H1jeQDi8o
00000158;S16DpAKsE
00000159;H1TtNywhi
00000198;H13AFJvGq
00000199;BklVmHzps
00000200;S1L-Ciy13
00000201;B1XTQnCso
00000202;S1uOLEXJ2
00000203;rJTZ0Su3N
00000204;HyumRdCQs
00000205;Hy3R0lonN
00000206;Bk0jslsqs
00000207;SyJlRb0Wq
00000208;Bkpq-hnAs
00000209;rJsWhaMT4
00000210;SJBwJFBpN
00000211;ryswJFBaV
00000212;r1AfmYF6E
00000213;SJvcPe2aE
00000215;SJx-lG36E
00000217;S1oLH42TE
00000218;BJTIrNnp4
00000219;rkQjoiA64
00000220;r1dosoR6E
00000221;Hy6pnhRTE
00000222;rkl02nR6V
00000223;S1xtgRRTN
00000224;Bk4txRAaE
00000225;r1DFeAA6V
00000226;r1dYgCCa4
00000227;rk-1FARaV
00000228;rJtjNyJRN
00000229;BJ2j4k10N
00000230;rkWnVJy04
00000231;rke-nNy1RN
00000232;SJwpqJ1RE
00000233;SkNHxlJCV
00000234;rJxPc2p4t
00000235;HJRJfH5dF
00000237;ryA5qAjAV
00000238;SJbozdJWs
00000239;By_UXLhhO
00000240;Hy4DODIJs
00000241;HkIzLvIkj
00000242;SyrP-DU1i
00000243;BklLkP8ko
00000244;rJYApILkj
00000245;SyYEhMpA4
00000246;SJhnLV8ko
00000247;ByZNTbAw5
00000248;BkG8IGHEo
00000249;SJT61sAN9
00000250;BJKK-c11B
00000251;H15FbckJr
00000252;HyTP42syi
00000253;HyoYYjIni
00000254;Bk5se481S
00000255;H1Nwm8I1S
00000257;r1vlcgi5i
00000258;Hkcj5r0JB
00000259;HyiAjlZxB
00000260;SJy0JEmkn
00000262;Syef_4slB
00000263;HJlnVGQZB
00000264;r1TBoZgri
00000265;HJcI1SNzH
00000267;r1tmiygUs
00000269;SkY6kCpMH
00000270;S12py0TMr
00000271;HJxA1AaGH
00000272;rk-cHotVS
00000273;SJgB_ciBH
00000274;Byyu3I8ks
00000275;rymUtLUks
00000276;Sk017WaJs
00000277;rycD790rS
00000278;rJeuELIyj
00000279;Sk4c6xt8r
00000280;SyFk-8Lkj
00000281;SyB1fPvwr
00000282;ry-Wwe-0o
00000283;ByYAZNPOo
00000284;rJwrKgzuB
00000286;By6PubTIi
00000287;BkrwJU7YB
00000289;S1zb4w7tS
00000290;ry0Jkj16j
00000293;BJyB7CJ2j
00000294;HkuDAqk6j
00000297;rJFsKCKic
00000298;r1oqjLMHo
00000301;SJYiIs45F
00000303;S1sgX4TpB
00000304;SkFVzuwM5
00000305;BkwyVq09s
00000306;BJZdtY3gI
00000307;rJK901K6s
00000309;SyISqKD6i
00000310;HJfrOBybI
00000311;HJVXariRs
00000313;rJmhCuGao
00000314;Skp6TLgf8
00000315;rJ066LeGL
00000316;S1o9nUrGL
00000318;HyujJYFAY
00000319;SJgzwgmQ8
00000320;SkgB1XpmL
00000323;ryBAxuqlc
00000324;Sk72IBHEL
00000325;HymJB0JI9
00000326;H1Uy788VU
00000327;ryqbu-H_o
00000328;H1UzKmgEo
00000329;BkZ3kV_7q
00000331;HJ1wCKXHU
00000332;ryfR0tXH8
00000334;r1m8NQq9s
00000335;ryIc-QgVs
00000335;H1L0fhO5j
00000336;SJOAeYEzs
00000337;ryvo-z8L8
00000338;B19n4sGXs
00000339;ByPtBo_UL
00000340;SkgRux5LL
00000341;B1JXpw8Ci
00000342;H1-gKOxDL
00000343;r1JiVvFMi
00000344;BJVrenFD8
00000345;BJ6zm8ncj
00000346;ByobSL29s
00000347;SJV5wnrQi
00000348;HkBd3ZqvU
00000350;BJq7sRTD8
00000351;HkKK010DL
00000352;S1CYCkAvL
00000353;rJKnBE7dU
00000354;Hk7otGsuL
00000355;S1MOsMwK8
00000357;Bksui583i
00000358;S18orLdc8
00000359;HyQ8pTkiL
00000360;SyLYTaJsI
00000361;ByyEJenoI
00000362;B1zQnSEnI
00000363;HyEo6tjhL
00000364;H1lhwlu__
00000365;HJyMYe_ud
00000366;rJVVIB-Ts
00000369;S1HYYPL6U
00000370;By561yY6U
00000371;SyyOvH-Tj
00000372;r1D9pu10I
00000373;B14hZIPAI
00000374;SyPFw8nqj
00000375;HJHep2z0_
00000377;rJ_g6_h0I
00000378;SkVFJAY4_
00000379;BkIDkrtyc
00000380;Sy6U5JZmF
00000381;SkHqBrQyw
00000382;Bybqp2MCu
00000384;SkVxMf0W5
00000385;HJVYIJQlv
00000386;HJQp44meP
00000387;Hy4v8Dt85
00000388;HkpECr6gP
00000389;rJKJ2WdHc
00000390;H10-bW1-w
00000391;BJZRj-g89
00000395;BysYZQTXD
00000396;Sy5hR8P4P
00000397;HyVXaNsys
00000398;rJrSRDEMi
00000399;ryi_SB8yi
00000400;H1xQGHLJj
00000401;HkMBgBIJo
00000402;BkmV39JrD
00000403;r11WfaAB5
00000404;HyBUOhlHw
00000405;HytKhfcsO
00000406;rkeG9EMHv
00000407;B1FyaGNi9
00000408;HkPzA99SF
00000409;BJIdRmVjq
00000411;rJ9lV35Bj
00000412;Bya_gaqBi
00000413;ryynzjadD
00000415;rJgU_H0cw
00000417;B1bqnmNcj
00000418;HkojDaFfq
00000419;HyIYmYPwo
00000420;Sk779Tuas
00000421;rJBpUJKhD
00000422;Sy_TIythD
00000423;rJwXcgFnw
00000424;rkuyrMYpj
00000425;SJTNM-9Aw
00000426;S15nptrCu
00000428;r1L5z_1sO
00000430;ByGSKvacs
00000432;rk5cfyw2o
00000433;rJbYRjQCo
00000434;S13zEOz-d
00000435;HyTRQKGZd
00000436;rkCxV1Dhi
00000438;B13GCvN7s
00000439;Sk5JmDYAY
00000440;SkAxcoo-O
00000443;BJINAu9-K
00000444;BkByuFyEu
00000447;B19zxt4zj
00000449;BJD2fRFcc
00000450;SyNRVHUN_
00000451;S1xwlLgrd
00000452;HkpEhslB_
00000453;BJWDPF-X9
00000455;HJHlCqW8d
00000456;BJGZKPZOF
00000457;r1nyr86Id
00000458;rJFa8uNLO
00000459;BJQBVxZCs
00000460;HJ6jO_hLu
00000461;H1ntgSzPs
00000462;Syf9sPaU_
00000463;BkELaD6I_
00000464;BkyUAPTUu
00000465;SycnMSzvi
00000466;Bk7ZfO68_
00000467;rytIAo7Di
00000468;rJOLw_pLd
00000469;SkLGCNfvj
00000470;SJVLQAjLs
00000471;S1o_54Mwj
00000472;rk4Bp96U_
00000473;r13O6LCLi
00000474;S1V17spUO
00000475;Hy4WEipLO
00000476;B1ZCNoTLd
00000477;S1SVUip8_
00000479;HJowFufxq
00000480;r1z2yKRmj
00000481;rJQMN2Fht
00000482;r1riQ96io
00000483;HJ-74rWxt
00000484;H1oPc5f7s
00000485;HJ9Azcp5i
00000487;r1tT9XZFu
00000488;rk62luC9O
00000489;SyZ2M_AFY
00000490;BkplHDXAj
00000491;ByrLkmgrc
00000492;SJ2DSuWJt
00000495;Hynu1qE-q
00000496;H1fbl54b5
00000498;HkMOlVCb5
00000501;rJeHc-M7K
00000502;r1Uc6Oedi
00000503;HkhIXt64F
00000504;HkR9SHlVt
00000505;Sk9AIzAfK
00000506;SJuCNhzHK
00000507;ByBf636li
00000508;Hy9j22vno
00000509;HJxaEi7_Y
00000512;B1Tkfgm7o
00000513;r1L1zx-pi
00000516;rk3MwRITK
00000517;rkI4jgOTt
00000518;B1a2MRy3j
00000519;BJ8pbnJkq
00000520;rJIR11KGq
00000521;rJJrUM-e5
00000523;rJKDDdGlq
00000524;HkBCBXP_s
00000528;HkLrn_1M9
00000529;SyM5s3Ros
00000530;r1MfSTMo9
00000531;BJMMAzXzj
00000532;rJJBgaKz5
00000533;rJLky3-V5
00000534;ByzOWlIdo
00000536;HyU8WYwF9
00000537;rJgRpuAHq
00000538;SybMx0HKc
00000539;SJeDRaHKc
00000540;SJKkRaBK5
00000541;r1pY6TrKc
00000542;rkePpytI9
00000543;rkMlq9hvi
00000544;ryJtOGZwc
00000545;r1NyKz-v5
00000546;HJzbApn0j
00000547;HkcPRZaoj
00000548;S1yUtPm_q
00000549;r1alTHid9
00000550;rJjSxbRFq
00000551;B1xA6A2d5
00000552;S18F8x7Zi
00000554;HyhQJvuK5
00000555;B1oPPhrQs
00000557;Sk6Wa6MMi
00000558;B1bWCa_6j
00000559;ByNP1d4ic
00000561;ry5c12JA5
00000562;BkxaEhOZo
00000563;S18L3DZHj
00000563;Hk8CYvN7i
00000564;rkPfFLBQj
00000565;HJF5dYqUo
00000566;B1fQUYHms
00000567;HkMXJFiCs
00000568;rkJECuiAi
00000570;Hyt47fb8s
00000571;HJ4NL9R3j
00000572;Bk7kPANUi
00000573;S1jUHxIDj
00000574;SyFaBVzwi
00000575;rkAov8qhj
00000576;SJv9TzzAi
00000577;rJfqYxrRj
00000578;BJFryFxco
00000579;SJSZwQ9qs
00000584;S1Zg1xVij
00000585;rJ_xT5QTo
00000586;Syt_AWz0j
00000587;rk7WC3NRi
00000589;HJ_GhDICo
00000590;HJ-Yi7mkh